otherCatalogNumbers,eventID,catalogNumber,institutionCode,individualCount,basisOfRecord,preparations,imageLocation,typeStatus,taxonRank,kingdom,phylum,class,order,family,genus,specificEpithet,scientificNameAuthorship,eventRemarks,identificationQualifier,identifiedBy,identificationRemarks,waterBody,verbatimLocality,recordedBy,samplingProtocol,continent,countryCode,country,stateProvince,county,decimalLatitude,decimalLongitude,geodeticDatum,eventDate
TZ001,TAFIRI-2019.05.16-MG01-A,,,1,PreservedSpecimen,EtOH,DSC00360,Other material,species,Animalia,Chordata,Actinopterygii,Perciformes,Cichlidae,Oreochromis,niloticus,"(Linnaeus, 1758)",,,mtDNA,MG: nilo x uro hybrid,Ruvu River,"Kingolwira National Aquaculture Centre, pond A",Rupert Collins; Asilatu Shechonge; Benjamin Ngatunga,Seine,Africa,TZ,Tanzania,Morogoro Region,,-6.75592,37.7547,,2019-05-16
TZ002,TAFIRI-2019.05.16-MG01-A,,,1,PreservedSpecimen,EtOH,DSC00361,Other material,species,Animalia,Chordata,Actinopterygii,Perciformes,Cichlidae,Oreochromis,niloticus,"(Linnaeus, 1758)",,,mtDNA,MG: nilo x uro hybrid,Ruvu River,"Kingolwira National Aquaculture Centre, pond A",Rupert Collins; Asilatu Shechonge; Benjamin Ngatunga,Seine,Africa,TZ,Tanzania,Morogoro Region,,-6.75592,37.7547,,2019-05-16
TZ003,TAFIRI-2019.05.16-MG01-A,,,1,PreservedSpecimen,EtOH,DSC00362,Other material,species,Animalia,Chordata,Actinopterygii,Perciformes,Cichlidae,Oreochromis,niloticus,"(Linnaeus, 1758)",,,mtDNA,MG: mostly nilo,Ruvu River,"Kingolwira National Aquaculture Centre, pond A",Rupert Collins; Asilatu Shechonge; Benjamin Ngatunga,Seine,Africa,TZ,Tanzania,Morogoro Region,,-6.75592,37.7547,,2019-05-16
TZ004,TAFIRI-2019.05.16-MG01-A,,,1,PreservedSpecimen,EtOH,DSC00364,Other material,species,Animalia,Chordata,Actinopterygii,Perciformes,Cichlidae,Oreochromis,niloticus,"(Linnaeus, 1758)",,,mtDNA,MG: mostly nilo,Ruvu River,"Kingolwira National Aquaculture Centre, pond A",Rupert Collins; Asilatu Shechonge; Benjamin Ngatunga,Seine,Africa,TZ,Tanzania,Morogoro Region,,-6.75592,37.7547,,2019-05-16
TZ005,TAFIRI-2019.05.16-MG01-A,,,1,PreservedSpecimen,EtOH,DSC00365,Other material,species,Animalia,Chordata,Actinopterygii,Perciformes,Cichlidae,Oreochromis,niloticus,"(Linnaeus, 1758)",,,mtDNA,,Ruvu River,"Kingolwira National Aquaculture Centre, pond A",Rupert Collins; Asilatu Shechonge; Benjamin Ngatunga,Seine,Africa,TZ,Tanzania,Morogoro Region,,-6.75592,37.7547,,2019-05-16
TZ006,TAFIRI-2019.05.16-MG01-A,,,1,PreservedSpecimen,EtOH,DSC00366,Other material,genus,Animalia,Chordata,Actinopterygii,Perciformes,Cichlidae,Oreochromis,,,,sp. ‘gift strain’,mtDNA,,Ruvu River,"Kingolwira National Aquaculture Centre, pond A",Rupert Collins; Asilatu Shechonge; Benjamin Ngatunga,Seine,Africa,TZ,Tanzania,Morogoro Region,,-6.75592,37.7547,,2019-05-16
TZ007,TAFIRI-2019.05.16-MG01-A,,,1,TissueSample,EtOH,,Other material,species,Animalia,Chordata,Actinopterygii,Perciformes,Cichlidae,Oreochromis,niloticus,"(Linnaeus, 1758)",,,mtDNA,,Ruvu River,"Kingolwira National Aquaculture Centre, pond A",Rupert Collins; Asilatu Shechonge; Benjamin Ngatunga,Seine,Africa,TZ,Tanzania,Morogoro Region,,-6.75592,37.7547,,2019-05-16
TZ008,TAFIRI-2019.05.16-MG01-B,,,1,PreservedSpecimen,EtOH,DSC00371,Other material,species,Animalia,Chordata,Actinopterygii,Perciformes,Cichlidae,Oreochromis,niloticus,"(Linnaeus, 1758)",,,mtDNA,,Ruvu River,"Kingolwira National Aquaculture Centre, pond B",Rupert Collins; Asilatu Shechonge; Benjamin Ngatunga,Seine,Africa,TZ,Tanzania,Morogoro Region,,-6.75592,37.7547,,2019-05-16
TZ009,TAFIRI-2019.05.16-MG01-B,,,1,PreservedSpecimen,EtOH,DSC00373,Other material,species,Animalia,Chordata,Actinopterygii,Perciformes,Cichlidae,Oreochromis,niloticus,"(Linnaeus, 1758)",,,mtDNA,MG: nilo x leuco hybrid?,Ruvu River,"Kingolwira National Aquaculture Centre, pond B",Rupert Collins; Asilatu Shechonge; Benjamin Ngatunga,Seine,Africa,TZ,Tanzania,Morogoro Region,,-6.75592,37.7547,,2019-05-16
TZ010,TAFIRI-2019.05.16-MG01-B,,,1,PreservedSpecimen,EtOH,DSC00374,Other material,species,Animalia,Chordata,Actinopterygii,Perciformes,Cichlidae,Oreochromis,niloticus,"(Linnaeus, 1758)",,,mtDNA,MG: nilo x leuco x uro?,Ruvu River,"Kingolwira National Aquaculture Centre, pond B",Rupert Collins; Asilatu Shechonge; Benjamin Ngatunga,Seine,Africa,TZ,Tanzania,Morogoro Region,,-6.75592,37.7547,,2019-05-16
TZ011,TAFIRI-2019.05.16-MG01-B,,,1,PreservedSpecimen,EtOH,DSC00375,Other material,species,Animalia,Chordata,Actinopterygii,Perciformes,Cichlidae,Oreochromis,urolepis,"(Norman, 1922)",,,mtDNA,MG: nilo x uro hybrid,Ruvu River,"Kingolwira National Aquaculture Centre, pond B",Rupert Collins; Asilatu Shechonge; Benjamin Ngatunga,Seine,Africa,TZ,Tanzania,Morogoro Region,,-6.75592,37.7547,,2019-05-16
TZ012,TAFIRI-2019.05.16-MG01-B,,,1,PreservedSpecimen,EtOH,DSC00376,Other material,species,Animalia,Chordata,Actinopterygii,Perciformes,Cichlidae,Coptodon,rendalli,"(Boulenger, 1897)",,,mtDNA,MG: zillii?,Ruvu River,"Kingolwira National Aquaculture Centre, pond B",Rupert Collins; Asilatu Shechonge; Benjamin Ngatunga,Seine,Africa,TZ,Tanzania,Morogoro Region,,-6.75592,37.7547,,2019-05-16
TZ013,TAFIRI-2019.05.16-MG01-B,,,1,PreservedSpecimen,EtOH,DSC00377,Other material,species,Animalia,Chordata,Actinopterygii,Perciformes,Cichlidae,Oreochromis,niloticus,"(Linnaeus, 1758)",,,mtDNA,,Ruvu River,"Kingolwira National Aquaculture Centre, pond B",Rupert Collins; Asilatu Shechonge; Benjamin Ngatunga,Seine,Africa,TZ,Tanzania,Morogoro Region,,-6.75592,37.7547,,2019-05-16
TZ014,TAFIRI-2019.05.16-MG01-B,,,1,PreservedSpecimen,EtOH,DSC00379,Other material,species,Animalia,Chordata,Actinopterygii,Perciformes,Cichlidae,Oreochromis,niloticus,"(Linnaeus, 1758)",,,mtDNA,MG: nilo x uro hybrid,Ruvu River,"Kingolwira National Aquaculture Centre, pond B",Rupert Collins; Asilatu Shechonge; Benjamin Ngatunga,Seine,Africa,TZ,Tanzania,Morogoro Region,,-6.75592,37.7547,,2019-05-16
TZ015,TAFIRI-2019.05.16-MG01-B,,,1,PreservedSpecimen,EtOH,DSC00395,Other material,species,Animalia,Chordata,Actinopterygii,Perciformes,Cichlidae,Oreochromis,niloticus,"(Linnaeus, 1758)",,,mtDNA,,Ruvu River,"Kingolwira National Aquaculture Centre, pond B",Rupert Collins; Asilatu Shechonge; Benjamin Ngatunga,Seine,Africa,TZ,Tanzania,Morogoro Region,,-6.75592,37.7547,,2019-05-16
TZ016,TAFIRI-2019.05.16-MG01-C,,,1,PreservedSpecimen,EtOH,DSC00397,Other material,species,Animalia,Chordata,Actinopterygii,Perciformes,Cichlidae,Oreochromis,niloticus,"(Linnaeus, 1758)",,,mtDNA,MG: nilo x uro hybrid,Ruvu River,"Kingolwira National Aquaculture Centre, pond C",Rupert Collins; Asilatu Shechonge; Benjamin Ngatunga,Seine,Africa,TZ,Tanzania,Morogoro Region,,-6.75592,37.7547,,2019-05-16
TZ017,TAFIRI-2019.05.16-MG01-C,,,1,PreservedSpecimen,EtOH,DSC00398,Other material,species,Animalia,Chordata,Actinopterygii,Perciformes,Cichlidae,Oreochromis,niloticus,"(Linnaeus, 1758)",,,mtDNA,,Ruvu River,"Kingolwira National Aquaculture Centre, pond C",Rupert Collins; Asilatu Shechonge; Benjamin Ngatunga,Seine,Africa,TZ,Tanzania,Morogoro Region,,-6.75592,37.7547,,2019-05-16
TZ018,TAFIRI-2019.05.16-MG01-C,,,1,PreservedSpecimen,EtOH,DSC00400,Other material,species,Animalia,Chordata,Actinopterygii,Perciformes,Cichlidae,Oreochromis,niloticus,"(Linnaeus, 1758)",,,mtDNA,MG: nilo x leuco x uro?,Ruvu River,"Kingolwira National Aquaculture Centre, pond C",Rupert Collins; Asilatu Shechonge; Benjamin Ngatunga,Seine,Africa,TZ,Tanzania,Morogoro Region,,-6.75592,37.7547,,2019-05-16
TZ019,TAFIRI-2019.05.16-MG01-C,,,1,PreservedSpecimen,EtOH,DSC00401,Other material,species,Animalia,Chordata,Actinopterygii,Perciformes,Cichlidae,Oreochromis,urolepis,"(Norman, 1922)",,,mtDNA,MG: nilo x leuco x uro?,Ruvu River,"Kingolwira National Aquaculture Centre, pond C",Rupert Collins; Asilatu Shechonge; Benjamin Ngatunga,Seine,Africa,TZ,Tanzania,Morogoro Region,,-6.75592,37.7547,,2019-05-16
TZ020,TAFIRI-2019.05.16-MG01-C,,,1,PreservedSpecimen,EtOH,DSC00402,Other material,species,Animalia,Chordata,Actinopterygii,Perciformes,Cichlidae,Oreochromis,niloticus,"(Linnaeus, 1758)",,,mtDNA,,Ruvu River,"Kingolwira National Aquaculture Centre, pond C",Rupert Collins; Asilatu Shechonge; Benjamin Ngatunga,Seine,Africa,TZ,Tanzania,Morogoro Region,,-6.75592,37.7547,,2019-05-16
TZ023,TAFIRI-2019.05.16-MG02-B,,,1,PreservedSpecimen,EtOH,DSC00408,Other material,species,Animalia,Chordata,Actinopterygii,Perciformes,Cichlidae,Oreochromis,niloticus,"(Linnaeus, 1758)",,,mtDNA,MG: Pure?,Ruvu River,"Farm of Mr Msauzi, pond B",Rupert Collins; Asilatu Shechonge; Benjamin Ngatunga,Seine,Africa,TZ,Tanzania,Morogoro Region,,-6.80261,37.72159,,2019-05-16
TZ024,TAFIRI-2019.05.16-MG02-B,,,1,PreservedSpecimen,EtOH,DSC00410,Other material,species,Animalia,Chordata,Actinopterygii,Perciformes,Cichlidae,Oreochromis,niloticus,"(Linnaeus, 1758)",,,mtDNA,,Ruvu River,"Farm of Mr Msauzi, pond B",Rupert Collins; Asilatu Shechonge; Benjamin Ngatunga,Seine,Africa,TZ,Tanzania,Morogoro Region,,-6.80261,37.72159,,2019-05-16
TZ025,TAFIRI-2019.05.16-MG02-B,,,1,PreservedSpecimen,EtOH,DSC00411,Other material,species,Animalia,Chordata,Actinopterygii,Perciformes,Cichlidae,Oreochromis,niloticus,"(Linnaeus, 1758)",,,mtDNA,,Ruvu River,"Farm of Mr Msauzi, pond B",Rupert Collins; Asilatu Shechonge; Benjamin Ngatunga,Seine,Africa,TZ,Tanzania,Morogoro Region,,-6.80261,37.72159,,2019-05-16
TZ026,TAFIRI-2019.05.16-MG02-A,,,1,PreservedSpecimen,EtOH,DSC00412,Other material,species,Animalia,Chordata,Actinopterygii,Perciformes,Cichlidae,Oreochromis,niloticus,"(Linnaeus, 1758)",,,mtDNA,MG: nilo x leuco hybrid?,Ruvu River,"Farm of Mr Msauzi, pond A",Rupert Collins; Asilatu Shechonge; Benjamin Ngatunga,Seine,Africa,TZ,Tanzania,Morogoro Region,,-6.80261,37.72159,,2019-05-16
TZ027,TAFIRI-2019.05.16-MG02-A,,,1,PreservedSpecimen,EtOH,DSC00413,Other material,species,Animalia,Chordata,Actinopterygii,Perciformes,Cichlidae,Oreochromis,niloticus,"(Linnaeus, 1758)",,,mtDNA,MG: nilo x leuco hybrid?,Ruvu River,"Farm of Mr Msauzi, pond A",Rupert Collins; Asilatu Shechonge; Benjamin Ngatunga,Seine,Africa,TZ,Tanzania,Morogoro Region,,-6.80261,37.72159,,2019-05-16
TZ028,TAFIRI-2019.05.16-MG02-A,,,1,PreservedSpecimen,EtOH,DSC00414,Other material,species,Animalia,Chordata,Actinopterygii,Perciformes,Cichlidae,Oreochromis,niloticus,"(Linnaeus, 1758)",,,mtDNA,MG: nilo x leuco hybrid?,Ruvu River,"Farm of Mr Msauzi, pond A",Rupert Collins; Asilatu Shechonge; Benjamin Ngatunga,Seine,Africa,TZ,Tanzania,Morogoro Region,,-6.80261,37.72159,,2019-05-16
TZ029,TAFIRI-2019.05.16-MG02-A,,,1,PreservedSpecimen,EtOH,DSC00415,Other material,species,Animalia,Chordata,Actinopterygii,Perciformes,Cichlidae,Oreochromis,niloticus,"(Linnaeus, 1758)",,,mtDNA,,Ruvu River,"Farm of Mr Msauzi, pond A",Rupert Collins; Asilatu Shechonge; Benjamin Ngatunga,Seine,Africa,TZ,Tanzania,Morogoro Region,,-6.80261,37.72159,,2019-05-16
TZ032,TAFIRI-2019.05.17-MG03-A,,,1,PreservedSpecimen,EtOH,DSC00425,Other material,species,Animalia,Chordata,Actinopterygii,Perciformes,Cichlidae,Oreochromis,urolepis,"(Norman, 1922)",,,mtDNA,MG: hybrid?,Wami River,"Mvomero, farm pond of Mr Mangwele",Rupert Collins; Asilatu Shechonge; Benjamin Ngatunga,Seine,Africa,TZ,Tanzania,Morogoro Region,,-6.43199,37.53336,,2019-05-17
TZ033,TAFIRI-2019.05.17-MG03-A,,,1,PreservedSpecimen,EtOH,DSC00426,Other material,species,Animalia,Chordata,Actinopterygii,Perciformes,Cichlidae,Oreochromis,urolepis,"(Norman, 1922)",,,mtDNA,MG: hybrid?,Wami River,"Mvomero, farm pond of Mr Mangwele",Rupert Collins; Asilatu Shechonge; Benjamin Ngatunga,Seine,Africa,TZ,Tanzania,Morogoro Region,,-6.43199,37.53336,,2019-05-17
TZ034,TAFIRI-2019.05.17-MG03-A,,,1,PreservedSpecimen,EtOH,DSC00427,Other material,species,Animalia,Chordata,Actinopterygii,Perciformes,Cichlidae,Oreochromis,urolepis,"(Norman, 1922)",,,mtDNA,MG: hybrid?,Wami River,"Mvomero, farm pond of Mr Mangwele",Rupert Collins; Asilatu Shechonge; Benjamin Ngatunga,Seine,Africa,TZ,Tanzania,Morogoro Region,,-6.43199,37.53336,,2019-05-17
TZ035,TAFIRI-2019.05.17-MG03-A,,,1,PreservedSpecimen,EtOH,DSC00429,Other material,species,Animalia,Chordata,Actinopterygii,Perciformes,Cichlidae,Oreochromis,urolepis,"(Norman, 1922)",,,mtDNA,,Wami River,"Mvomero, farm pond of Mr Mangwele",Rupert Collins; Asilatu Shechonge; Benjamin Ngatunga,Seine,Africa,TZ,Tanzania,Morogoro Region,,-6.43199,37.53336,,2019-05-17
TZ036,TAFIRI-2019.05.17-MG04-A,,,1,PreservedSpecimen,EtOH,,Other material,species,Animalia,Chordata,Actinopterygii,Perciformes,Cichlidae,Oreochromis,leucostictus,"(Trewavas, 1933)",,,mtDNA,,Wami River,"Mvomero, farm pond of Mr Saguti",Rupert Collins; Asilatu Shechonge; Benjamin Ngatunga,Seine,Africa,TZ,Tanzania,Morogoro Region,,-6.42565,37.5331,,2019-05-17
TZ037,TAFIRI-2019.05.17-MG04-A,,,1,PreservedSpecimen,EtOH,DSC00431,Other material,species,Animalia,Chordata,Actinopterygii,Perciformes,Cichlidae,Oreochromis,leucostictus,"(Trewavas, 1933)",,,mtDNA,BN: leucostictus/niloticus hybrid,Wami River,"Mvomero, farm pond of Mr Saguti",Rupert Collins; Asilatu Shechonge; Benjamin Ngatunga,Seine,Africa,TZ,Tanzania,Morogoro Region,,-6.42565,37.5331,,2019-05-17
TZ038,TAFIRI-2019.05.17-MG04-A,,,1,PreservedSpecimen,EtOH,DSC00432,Other material,species,Animalia,Chordata,Actinopterygii,Perciformes,Cichlidae,Oreochromis,niloticus,"(Linnaeus, 1758)",,,mtDNA,,Wami River,"Mvomero, farm pond of Mr Saguti",Rupert Collins; Asilatu Shechonge; Benjamin Ngatunga,Seine,Africa,TZ,Tanzania,Morogoro Region,,-6.42565,37.5331,,2019-05-17
TZ039,TAFIRI-2019.05.17-MG04-A,,,1,PreservedSpecimen,EtOH,,Other material,species,Animalia,Chordata,Actinopterygii,Perciformes,Cichlidae,Oreochromis,niloticus,"(Linnaeus, 1758)",,,mtDNA,,Wami River,"Mvomero, farm pond of Mr Saguti",Rupert Collins; Asilatu Shechonge; Benjamin Ngatunga,Seine,Africa,TZ,Tanzania,Morogoro Region,,-6.42565,37.5331,,2019-05-17
TZ040,TAFIRI-2019.05.17-MG04-A,,,1,PreservedSpecimen,EtOH,DSC00435,Other material,species,Animalia,Chordata,Actinopterygii,Perciformes,Cichlidae,Oreochromis,niloticus,"(Linnaeus, 1758)",,,mtDNA,,Wami River,"Mvomero, farm pond of Mr Saguti",Rupert Collins; Asilatu Shechonge; Benjamin Ngatunga,Seine,Africa,TZ,Tanzania,Morogoro Region,,-6.42565,37.5331,,2019-05-17
TZ041,TAFIRI-2019.05.18-MG05-A,,,1,PreservedSpecimen,EtOH,,Other material,species,Animalia,Chordata,Actinopterygii,Perciformes,Cichlidae,Oreochromis,niloticus,"(Linnaeus, 1758)",,,mtDNA,,Wami River,"Ulaya, Kilosa, Farm of Mr Japhet, Nazaret Group, pond A",Rupert Collins; Asilatu Shechonge; Benjamin Ngatunga,Seine,Africa,TZ,Tanzania,Morogoro Region,,-7.07351,36.90891,,2019-05-18
TZ042,TAFIRI-2019.05.18-MG05-A,,,1,PreservedSpecimen,EtOH,DSC00444,Other material,species,Animalia,Chordata,Actinopterygii,Perciformes,Cichlidae,Oreochromis,leucostictus,"(Trewavas, 1933)",,,mtDNA,,Wami River,"Ulaya, Kilosa, Farm of Mr Japhet, Nazaret Group, pond A",Rupert Collins; Asilatu Shechonge; Benjamin Ngatunga,Seine,Africa,TZ,Tanzania,Morogoro Region,,-7.07351,36.90891,,2019-05-18
TZ043,TAFIRI-2019.05.18-MG05-A,,,1,PreservedSpecimen,EtOH,DSC00445,Other material,species,Animalia,Chordata,Actinopterygii,Perciformes,Cichlidae,Oreochromis,niloticus,"(Linnaeus, 1758)",,,mtDNA,,Wami River,"Ulaya, Kilosa, Farm of Mr Japhet, Nazaret Group, pond A",Rupert Collins; Asilatu Shechonge; Benjamin Ngatunga,Seine,Africa,TZ,Tanzania,Morogoro Region,,-7.07351,36.90891,,2019-05-18
TZ044,TAFIRI-2019.05.18-MG05-A,,,1,PreservedSpecimen,EtOH,,Other material,species,Animalia,Chordata,Actinopterygii,Perciformes,Cichlidae,Oreochromis,niloticus,"(Linnaeus, 1758)",,,mtDNA,,Wami River,"Ulaya, Kilosa, Farm of Mr Japhet, Nazaret Group, pond A",Rupert Collins; Asilatu Shechonge; Benjamin Ngatunga,Seine,Africa,TZ,Tanzania,Morogoro Region,,-7.07351,36.90891,,2019-05-18
TZ045,TAFIRI-2019.05.18-MG05-A,,,1,PreservedSpecimen,EtOH,DSC00447,Other material,species,Animalia,Chordata,Actinopterygii,Perciformes,Cichlidae,Oreochromis,niloticus,"(Linnaeus, 1758)",,,mtDNA,,Wami River,"Ulaya, Kilosa, Farm of Mr Japhet, Nazaret Group, pond A",Rupert Collins; Asilatu Shechonge; Benjamin Ngatunga,Seine,Africa,TZ,Tanzania,Morogoro Region,,-7.07351,36.90891,,2019-05-18
TZ046,TAFIRI-2019.05.18-MG05-C,,,1,PreservedSpecimen,EtOH,DSC00450,Other material,species,Animalia,Chordata,Actinopterygii,Perciformes,Cichlidae,Oreochromis,niloticus,"(Linnaeus, 1758)",,,mtDNA,,Wami River,"Ulaya, Kilosa, Farm of Mr Burugu, Tupendane Group, pond C",Rupert Collins; Asilatu Shechonge; Benjamin Ngatunga,Seine,Africa,TZ,Tanzania,Morogoro Region,,-7.07351,36.90891,,2019-05-18
TZ047,TAFIRI-2019.05.18-MG05-C,,,1,PreservedSpecimen,EtOH,,Other material,species,Animalia,Chordata,Actinopterygii,Perciformes,Cichlidae,Oreochromis,niloticus,"(Linnaeus, 1758)",,,mtDNA,,Wami River,"Ulaya, Kilosa, Farm of Mr Burugu, Tupendane Group, pond C",Rupert Collins; Asilatu Shechonge; Benjamin Ngatunga,Seine,Africa,TZ,Tanzania,Morogoro Region,,-7.07351,36.90891,,2019-05-18
TZ048,TAFIRI-2019.05.18-MG05-C,,,1,PreservedSpecimen,EtOH,DSC00452,Other material,species,Animalia,Chordata,Actinopterygii,Perciformes,Cichlidae,Oreochromis,niloticus,"(Linnaeus, 1758)",,,mtDNA,,Wami River,"Ulaya, Kilosa, Farm of Mr Burugu, Tupendane Group, pond C",Rupert Collins; Asilatu Shechonge; Benjamin Ngatunga,Seine,Africa,TZ,Tanzania,Morogoro Region,,-7.07351,36.90891,,2019-05-18
TZ049,TAFIRI-2019.05.18-MG05-C,,,1,PreservedSpecimen,EtOH,,Other material,species,Animalia,Chordata,Actinopterygii,Perciformes,Cichlidae,Oreochromis,niloticus,"(Linnaeus, 1758)",,,mtDNA,,Wami River,"Ulaya, Kilosa, Farm of Mr Burugu, Tupendane Group, pond C",Rupert Collins; Asilatu Shechonge; Benjamin Ngatunga,Seine,Africa,TZ,Tanzania,Morogoro Region,,-7.07351,36.90891,,2019-05-18
TZ050,TAFIRI-2019.05.18-MG06-A,,,1,PreservedSpecimen,EtOH,DSC00462,Other material,species,Animalia,Chordata,Actinopterygii,Perciformes,Cichlidae,Oreochromis,niloticus,"(Linnaeus, 1758)",,,mtDNA,,Wami River,"Ulaya, Kilosa, Wangamakazi Ponds, World Vision Project",Rupert Collins; Asilatu Shechonge; Benjamin Ngatunga,Seine,Africa,TZ,Tanzania,Morogoro Region,,-7.07253,36.88461,,2019-05-18
TZ051,TAFIRI-2019.05.18-MG06-A,,,1,PreservedSpecimen,EtOH,DSC00464,Other material,species,Animalia,Chordata,Actinopterygii,Perciformes,Cichlidae,Oreochromis,niloticus,"(Linnaeus, 1758)",,,mtDNA,,Wami River,"Ulaya, Kilosa, Wangamakazi Ponds, World Vision Project",Rupert Collins; Asilatu Shechonge; Benjamin Ngatunga,Seine,Africa,TZ,Tanzania,Morogoro Region,,-7.07253,36.88461,,2019-05-18
TZ052,TAFIRI-2019.05.18-MG06-A,,,1,PreservedSpecimen,EtOH,,Other material,species,Animalia,Chordata,Actinopterygii,Perciformes,Cichlidae,Oreochromis,niloticus,"(Linnaeus, 1758)",,,mtDNA,,Wami River,"Ulaya, Kilosa, Wangamakazi Ponds, World Vision Project",Rupert Collins; Asilatu Shechonge; Benjamin Ngatunga,Seine,Africa,TZ,Tanzania,Morogoro Region,,-7.07253,36.88461,,2019-05-18
TZ053,TAFIRI-2019.05.18-MG06-A,,,1,PreservedSpecimen,EtOH,,Other material,species,Animalia,Chordata,Actinopterygii,Perciformes,Cichlidae,Oreochromis,niloticus,"(Linnaeus, 1758)",,,mtDNA,,Wami River,"Ulaya, Kilosa, Wangamakazi Ponds, World Vision Project",Rupert Collins; Asilatu Shechonge; Benjamin Ngatunga,Seine,Africa,TZ,Tanzania,Morogoro Region,,-7.07253,36.88461,,2019-05-18
TZ054,TAFIRI-2019.05.18-MG06-A,,,1,PreservedSpecimen,EtOH,,Other material,species,Animalia,Chordata,Actinopterygii,Perciformes,Cichlidae,Oreochromis,niloticus,"(Linnaeus, 1758)",,,mtDNA,,Wami River,"Ulaya, Kilosa, Wangamakazi Ponds, World Vision Project",Rupert Collins; Asilatu Shechonge; Benjamin Ngatunga,Seine,Africa,TZ,Tanzania,Morogoro Region,,-7.07253,36.88461,,2019-05-18
TZ055,TAFIRI-2019.05.18-MG06-A,,,1,PreservedSpecimen,EtOH,DSC00470,Other material,species,Animalia,Chordata,Actinopterygii,Perciformes,Cichlidae,Oreochromis,niloticus,"(Linnaeus, 1758)",,,mtDNA,,Wami River,"Ulaya, Kilosa, Wangamakazi Ponds, World Vision Project",Rupert Collins; Asilatu Shechonge; Benjamin Ngatunga,Seine,Africa,TZ,Tanzania,Morogoro Region,,-7.07253,36.88461,,2019-05-18
TZ056,TAFIRI-2019.05.18-MG07-A,,,1,PreservedSpecimen,EtOH,DSC00483,Other material,species,Animalia,Chordata,Actinopterygii,Perciformes,Cichlidae,Oreochromis,urolepis,"(Norman, 1922)",,,mtDNA,MG: hybrid?,Wami River,"Ulaya, Kilosa, Resthouse Lake",Rupert Collins; Asilatu Shechonge; Benjamin Ngatunga,Gill net,Africa,TZ,Tanzania,Morogoro Region,,-7.07178,36.90411,,2019-05-18
TZ057,TAFIRI-2019.05.18-MG07-A,,,1,PreservedSpecimen,EtOH,,Other material,species,Animalia,Chordata,Actinopterygii,Perciformes,Cichlidae,Oreochromis,urolepis,"(Norman, 1922)",,,mtDNA,,Wami River,"Ulaya, Kilosa, Resthouse Lake",Rupert Collins; Asilatu Shechonge; Benjamin Ngatunga,Gill net,Africa,TZ,Tanzania,Morogoro Region,,-7.07178,36.90411,,2019-05-18
TZ058,TAFIRI-2019.05.18-MG07-A,,,1,PreservedSpecimen,EtOH,,Other material,species,Animalia,Chordata,Actinopterygii,Perciformes,Cichlidae,Oreochromis,urolepis,"(Norman, 1922)",,,mtDNA,,Wami River,"Ulaya, Kilosa, Resthouse Lake",Rupert Collins; Asilatu Shechonge; Benjamin Ngatunga,Gill net,Africa,TZ,Tanzania,Morogoro Region,,-7.07178,36.90411,,2019-05-18
TZ059,TAFIRI-2019.05.18-MG07-A,,,1,PreservedSpecimen,EtOH,DSC00487,Other material,species,Animalia,Chordata,Actinopterygii,Perciformes,Cichlidae,Oreochromis,urolepis,"(Norman, 1922)",,,mtDNA,,Wami River,"Ulaya, Kilosa, Resthouse Lake",Rupert Collins; Asilatu Shechonge; Benjamin Ngatunga,Gill net,Africa,TZ,Tanzania,Morogoro Region,,-7.07178,36.90411,,2019-05-18
TZ060,TAFIRI-2019.05.19-MG08-A,,,1,PreservedSpecimen,EtOH,,Other material,species,Animalia,Chordata,Actinopterygii,Perciformes,Cichlidae,Oreochromis,leucostictus,"(Trewavas, 1933)",,,mtDNA,,Wami River,"Kilosa, Mala Lake",Rupert Collins; Asilatu Shechonge; Benjamin Ngatunga,Gill net,Africa,TZ,Tanzania,Morogoro Region,,-6.94531,36.93667,,2019-05-19
TZ061,TAFIRI-2019.05.19-MG08-A,,,1,PreservedSpecimen,EtOH,,Other material,species,Animalia,Chordata,Actinopterygii,Perciformes,Cichlidae,Oreochromis,leucostictus,"(Trewavas, 1933)",,,mtDNA,,Wami River,"Kilosa, Mala Lake",Rupert Collins; Asilatu Shechonge; Benjamin Ngatunga,Gill net,Africa,TZ,Tanzania,Morogoro Region,,-6.94531,36.93667,,2019-05-19
TZ062,TAFIRI-2019.05.19-MG08-A,,,1,PreservedSpecimen,EtOH,,Other material,species,Animalia,Chordata,Actinopterygii,Perciformes,Cichlidae,Oreochromis,leucostictus,"(Trewavas, 1933)",,,mtDNA,,Wami River,"Kilosa, Mala Lake",Rupert Collins; Asilatu Shechonge; Benjamin Ngatunga,Gill net,Africa,TZ,Tanzania,Morogoro Region,,-6.94531,36.93667,,2019-05-19
TZ063,TAFIRI-2019.05.19-MG08-A,,,1,PreservedSpecimen,EtOH,,Other material,species,Animalia,Chordata,Actinopterygii,Perciformes,Cichlidae,Oreochromis,urolepis,"(Norman, 1922)",,,mtDNA,,Wami River,"Kilosa, Mala Lake",Rupert Collins; Asilatu Shechonge; Benjamin Ngatunga,Gill net,Africa,TZ,Tanzania,Morogoro Region,,-6.94531,36.93667,,2019-05-19
TZ064,TAFIRI-2019.05.19-MG08-A,,,1,PreservedSpecimen,EtOH,,Other material,species,Animalia,Chordata,Actinopterygii,Perciformes,Cichlidae,Oreochromis,leucostictus,"(Trewavas, 1933)",,,mtDNA,,Wami River,"Kilosa, Mala Lake",Rupert Collins; Asilatu Shechonge; Benjamin Ngatunga,Gill net,Africa,TZ,Tanzania,Morogoro Region,,-6.94531,36.93667,,2019-05-19
TZ065,TAFIRI-2019.05.19-MG08-A,,,1,PreservedSpecimen,EtOH,,Other material,species,Animalia,Chordata,Actinopterygii,Perciformes,Cichlidae,Oreochromis,urolepis,"(Norman, 1922)",,,mtDNA,,Wami River,"Kilosa, Mala Lake",Rupert Collins; Asilatu Shechonge; Benjamin Ngatunga,Gill net,Africa,TZ,Tanzania,Morogoro Region,,-6.94531,36.93667,,2019-05-19
TZ066,TAFIRI-2019.05.19-MG08-A,,,1,PreservedSpecimen,EtOH,,Other material,species,Animalia,Chordata,Actinopterygii,Perciformes,Cichlidae,Oreochromis,leucostictus,"(Trewavas, 1933)",,,mtDNA,,Wami River,"Kilosa, Mala Lake",Rupert Collins; Asilatu Shechonge; Benjamin Ngatunga,Gill net,Africa,TZ,Tanzania,Morogoro Region,,-6.94531,36.93667,,2019-05-19
TZ067,TAFIRI-2019.05.19-MG08-A,,,1,PreservedSpecimen,EtOH,,Other material,species,Animalia,Chordata,Actinopterygii,Perciformes,Cichlidae,Oreochromis,leucostictus,"(Trewavas, 1933)",,,mtDNA,,Wami River,"Kilosa, Mala Lake",Rupert Collins; Asilatu Shechonge; Benjamin Ngatunga,Gill net,Africa,TZ,Tanzania,Morogoro Region,,-6.94531,36.93667,,2019-05-19
TZ068,TAFIRI-2019.05.19-MG08-A,,,1,PreservedSpecimen,EtOH,DSC00505,Other material,species,Animalia,Chordata,Actinopterygii,Perciformes,Cichlidae,Astatotilapia,bloyeti,"(Sauvage, 1883)",,,mtDNA,,Wami River,"Kilosa, Mala Lake",Rupert Collins; Asilatu Shechonge; Benjamin Ngatunga,Gill net,Africa,TZ,Tanzania,Morogoro Region,,-6.94531,36.93667,,2019-05-19
TZ069,TAFIRI-2019.05.19-MG08-A,,,1,PreservedSpecimen,EtOH,DSC00506,Other material,species,Animalia,Chordata,Actinopterygii,Perciformes,Cichlidae,Astatotilapia,bloyeti,"(Sauvage, 1883)",,,mtDNA,,Wami River,"Kilosa, Mala Lake",Rupert Collins; Asilatu Shechonge; Benjamin Ngatunga,Gill net,Africa,TZ,Tanzania,Morogoro Region,,-6.94531,36.93667,,2019-05-19
TZ070,TAFIRI-2019.05.19-MG08-A,,,1,PreservedSpecimen,EtOH,DSC00516,Other material,species,Animalia,Chordata,Actinopterygii,Perciformes,Cichlidae,Oreochromis,niloticus,"(Linnaeus, 1758)",,,mtDNA,,Wami River,"Kilosa, Mala Lake",Rupert Collins; Asilatu Shechonge; Benjamin Ngatunga,Gill net,Africa,TZ,Tanzania,Morogoro Region,,-6.94531,36.93667,,2019-05-19
TZ071,TAFIRI-2019.05.19-MG08-A,,,1,PreservedSpecimen,EtOH,,Other material,species,Animalia,Chordata,Actinopterygii,Perciformes,Cichlidae,Oreochromis,niloticus,"(Linnaeus, 1758)",,,mtDNA,,Wami River,"Kilosa, Mala Lake",Rupert Collins; Asilatu Shechonge; Benjamin Ngatunga,Gill net,Africa,TZ,Tanzania,Morogoro Region,,-6.94531,36.93667,,2019-05-19
TZ072,TAFIRI-2019.05.19-MG08-A,,,1,PreservedSpecimen,EtOH,,Other material,species,Animalia,Chordata,Actinopterygii,Perciformes,Cichlidae,Oreochromis,leucostictus,"(Trewavas, 1933)",,,mtDNA,,Wami River,"Kilosa, Mala Lake, Kipera pond",Rupert Collins; Asilatu Shechonge; Benjamin Ngatunga,Gill net,Africa,TZ,Tanzania,Morogoro Region,,-6.942349,36.932482,,2019-05-19
TZ073,TAFIRI-2019.05.19-MG08-A,,,1,PreservedSpecimen,EtOH,,Other material,species,Animalia,Chordata,Actinopterygii,Perciformes,Cichlidae,Oreochromis,leucostictus,"(Trewavas, 1933)",,,mtDNA,,Wami River,"Kilosa, Mala Lake, Kipera pond",Rupert Collins; Asilatu Shechonge; Benjamin Ngatunga,Gill net,Africa,TZ,Tanzania,Morogoro Region,,-6.942349,36.932482,,2019-05-19
TZ074,TAFIRI-2019.05.19-MG08-A,,,1,PreservedSpecimen,EtOH,DSC00523,Other material,species,Animalia,Chordata,Actinopterygii,Perciformes,Cichlidae,Oreochromis,niloticus,"(Linnaeus, 1758)",,,mtDNA,,Wami River,"Kilosa, Mala Lake, Kipera pond",Rupert Collins; Asilatu Shechonge; Benjamin Ngatunga,Gill net,Africa,TZ,Tanzania,Morogoro Region,,-6.942349,36.932482,,2019-05-19
TZ075,TAFIRI-2019.05.19-MG08-A,,,1,PreservedSpecimen,EtOH,DSC00524,Other material,species,Animalia,Chordata,Actinopterygii,Perciformes,Cichlidae,Astatotilapia,bloyeti,"(Sauvage, 1883)",,,mtDNA,,Wami River,"Kilosa, Mala Lake, Kipera pond",Rupert Collins; Asilatu Shechonge; Benjamin Ngatunga,Gill net,Africa,TZ,Tanzania,Morogoro Region,,-6.942349,36.932482,,2019-05-19
TZ076,TAFIRI-2019.05.20-KIL11-A,,,1,PreservedSpecimen,EtOH,DSC00535,Other material,genus,Animalia,Chordata,Actinopterygii,Perciformes,Cichlidae,Oreochromis,,,,sp.,mtDNA,unknown strain – no blast matches,Great Ruaha River,"Kidatu, market by bridge",Rupert Collins; Asilatu Shechonge; Benjamin Ngatunga,"Purchased, fish market",Africa,TZ,Tanzania,Morogoro Region,,-7.6658,36.97702,,2019-05-20
TZ077,TAFIRI-2019.05.20-KIL11-A,,,1,PreservedSpecimen,EtOH,,Other material,species,Animalia,Chordata,Actinopterygii,Perciformes,Cichlidae,Oreochromis,urolepis,"(Norman, 1922)",,,mtDNA,,Great Ruaha River,"Kidatu, market by bridge",Rupert Collins; Asilatu Shechonge; Benjamin Ngatunga,"Purchased, fish market",Africa,TZ,Tanzania,Morogoro Region,,-7.6658,36.97702,,2019-05-20
TZ078,TAFIRI-2019.05.20-KIL11-A,,,1,PreservedSpecimen,EtOH,DSC00537,Other material,species,Animalia,Chordata,Actinopterygii,Perciformes,Cichlidae,Oreochromis,urolepis,"(Norman, 1922)",,,mtDNA,,Great Ruaha River,"Kidatu, market by bridge",Rupert Collins; Asilatu Shechonge; Benjamin Ngatunga,"Purchased, fish market",Africa,TZ,Tanzania,Morogoro Region,,-7.6658,36.97702,,2019-05-20
TZ079,TAFIRI-2019.05.20-MG09-A,,,1,PreservedSpecimen,EtOH,DSC00540,Other material,species,Animalia,Chordata,Actinopterygii,Perciformes,Cichlidae,Oreochromis,leucostictus,"(Trewavas, 1933)",,,mtDNA,,Great Ruaha River,"Kidatu, Mangula A, Mr Majicka fish pond",Rupert Collins; Asilatu Shechonge; Benjamin Ngatunga,Seine,Africa,TZ,Tanzania,Morogoro Region,,-7.83466,36.90796,,2019-05-20
TZ080,TAFIRI-2019.05.20-MG09-A,,,1,PreservedSpecimen,EtOH,DSC00542,Other material,species,Animalia,Chordata,Actinopterygii,Perciformes,Cichlidae,Oreochromis,leucostictus,"(Trewavas, 1933)",,,mtDNA,,Great Ruaha River,"Kidatu, Mangula A, Mr Majicka fish pond",Rupert Collins; Asilatu Shechonge; Benjamin Ngatunga,Seine,Africa,TZ,Tanzania,Morogoro Region,,-7.83466,36.90796,,2019-05-20
TZ081,TAFIRI-2019.05.20-MG10-A,,,1,PreservedSpecimen,EtOH,,Other material,species,Animalia,Chordata,Actinopterygii,Perciformes,Cichlidae,Oreochromis,urolepis,"(Norman, 1922)",,,mtDNA,,Great Ruaha River,"Kidatu, Mangula B, School, Mr Ahmed fish pond",Rupert Collins; Asilatu Shechonge; Benjamin Ngatunga,Seine,Africa,TZ,Tanzania,Morogoro Region,,-7.84118,36.8921,,2019-05-20
TZ082,TAFIRI-2019.05.20-MG10-A,,,1,PreservedSpecimen,EtOH,,Other material,species,Animalia,Chordata,Actinopterygii,Perciformes,Cichlidae,Oreochromis,urolepis,"(Norman, 1922)",,,mtDNA,,Great Ruaha River,"Kidatu, Mangula B, School, Mr Ahmed fish pond",Rupert Collins; Asilatu Shechonge; Benjamin Ngatunga,Seine,Africa,TZ,Tanzania,Morogoro Region,,-7.84118,36.8921,,2019-05-20
TZ083,TAFIRI-2019.05.20-MG10-A,,,1,PreservedSpecimen,EtOH,,Other material,species,Animalia,Chordata,Actinopterygii,Perciformes,Cichlidae,Astatotilapia,gigliolii,"(Pfeffer, 1896)",,,mtDNA,,Great Ruaha River,"Kidatu, Mangula B, School, Mr Ahmed fish pond",Rupert Collins; Asilatu Shechonge; Benjamin Ngatunga,Seine,Africa,TZ,Tanzania,Morogoro Region,,-7.84118,36.8921,,2019-05-20
TZ084,TAFIRI-2019.05.20-MG10-A,,,1,PreservedSpecimen,EtOH,,Other material,species,Animalia,Chordata,Actinopterygii,Perciformes,Cichlidae,Astatotilapia,gigliolii,"(Pfeffer, 1896)",,,mtDNA,,Great Ruaha River,"Kidatu, Mangula B, School, Mr Ahmed fish pond",Rupert Collins; Asilatu Shechonge; Benjamin Ngatunga,Seine,Africa,TZ,Tanzania,Morogoro Region,,-7.84118,36.8921,,2019-05-20
TZ085,TAFIRI-2019.05.20-MG10-A,,,1,PreservedSpecimen,EtOH,,Other material,species,Animalia,Chordata,Actinopterygii,Perciformes,Cichlidae,Astatotilapia,gigliolii,"(Pfeffer, 1896)",,,mtDNA,,Great Ruaha River,"Kidatu, Mangula B, School, Mr Ahmed fish pond",Rupert Collins; Asilatu Shechonge; Benjamin Ngatunga,Seine,Africa,TZ,Tanzania,Morogoro Region,,-7.84118,36.8921,,2019-05-20
TZ094,TAFIRI-2019.05.21-KIL01-A,,,1,PreservedSpecimen,EtOH,P5210099,Other material,species,Animalia,Chordata,Actinopterygii,Perciformes,Cichlidae,Oreochromis,urolepis,"(Norman, 1922)",,,mtDNA,,Kilombero River,"Ifakara, town fish market",Rupert Collins; Asilatu Shechonge; Benjamin Ngatunga,"Purchased, fish market",Africa,TZ,Tanzania,Morogoro Region,,-8.138197,36.67882,,2019-05-21
TZ095,TAFIRI-2019.05.21-KIL01-A,,,1,PreservedSpecimen,EtOH,P5210100,Other material,species,Animalia,Chordata,Actinopterygii,Perciformes,Cichlidae,Oreochromis,urolepis,"(Norman, 1922)",,,mtDNA,,Kilombero River,"Ifakara, town fish market",Rupert Collins; Asilatu Shechonge; Benjamin Ngatunga,"Purchased, fish market",Africa,TZ,Tanzania,Morogoro Region,,-8.138197,36.67882,,2019-05-21
TZ123,TAFIRI-2019.05.21-KIL02-A,,,1,PreservedSpecimen,EtOH,,Other material,genus,Animalia,Chordata,Actinopterygii,Perciformes,Cichlidae,Astatotilapia,,,,sp. ‘red cheek’,mtDNA,probably undescribed - ask Turner,Kilombero River,"Ifakara, Magufuli Bridge",Rupert Collins; Asilatu Shechonge; Benjamin Ngatunga,"Purchased, local fishermen",Africa,TZ,Tanzania,Morogoro Region,,-8.18884,36.69289,,2019-05-22
TZ125,TAFIRI-2019.05.21-KIL02-A,,,1,PreservedSpecimen,EtOH,,Other material,species,Animalia,Chordata,Actinopterygii,Perciformes,Cichlidae,Oreochromis,urolepis,"(Norman, 1922)",,,mtDNA,,Kilombero River,"Ifakara, Magufuli Bridge",Rupert Collins; Asilatu Shechonge; Benjamin Ngatunga,"Purchased, local fishermen",Africa,TZ,Tanzania,Morogoro Region,,-8.18884,36.69289,,2019-05-22
TZ126,TAFIRI-2019.05.21-KIL02-A,,,1,PreservedSpecimen,EtOH,DSC00633,Other material,species,Animalia,Chordata,Actinopterygii,Perciformes,Cichlidae,Oreochromis,urolepis,"(Norman, 1922)",,,mtDNA,,Kilombero River,"Ifakara, Magufuli Bridge",Rupert Collins; Asilatu Shechonge; Benjamin Ngatunga,"Purchased, local fishermen",Africa,TZ,Tanzania,Morogoro Region,,-8.18884,36.69289,,2019-05-22
TZ127,TAFIRI-2019.05.21-KIL02-A,,,1,PreservedSpecimen,EtOH,DSC00637,Other material,genus,Animalia,Chordata,Actinopterygii,Perciformes,Cichlidae,Pseudocrenilabrus,,,,,mtDNA,new record,Kilombero River,"Ifakara, Magufuli Bridge",Rupert Collins; Asilatu Shechonge; Benjamin Ngatunga,Seine,Africa,TZ,Tanzania,Morogoro Region,,-8.18884,36.69289,,2019-05-22
TZ129,TAFIRI-2019.05.22-KIL07-A,,,1,PreservedSpecimen,EtOH,,Other material,genus,Animalia,Chordata,Actinopterygii,Perciformes,Cichlidae,Oreochromis,,,,,Rupert Collins; Benjamin Ngatunga,,Kilombero River,"Ifakara, Lumemo River",Rupert Collins; Asilatu Shechonge; Benjamin Ngatunga,"Purchased, local fishermen",Africa,TZ,Tanzania,Morogoro Region,,-8.13953,36.67393,,2019-05-22
TZ130,TAFIRI-2019.05.22-KIL07-A,,,1,PreservedSpecimen,EtOH,DSC00643,Other material,species,Animalia,Chordata,Actinopterygii,Perciformes,Cichlidae,Oreochromis,urolepis,"(Norman, 1922)",,,mtDNA,MG: uro?,Kilombero River,"Ifakara, Lumemo River",Rupert Collins; Asilatu Shechonge; Benjamin Ngatunga,"Purchased, local fishermen",Africa,TZ,Tanzania,Morogoro Region,,-8.13953,36.67393,,2019-05-22
TZ131,TAFIRI-2019.05.22-KIL07-A,,,1,PreservedSpecimen,EtOH,,Other material,genus,Animalia,Chordata,Actinopterygii,Perciformes,Cichlidae,Oreochromis,,,,,Rupert Collins; Benjamin Ngatunga,MG: uro?,Kilombero River,"Ifakara, Lumemo River",Rupert Collins; Asilatu Shechonge; Benjamin Ngatunga,"Purchased, local fishermen",Africa,TZ,Tanzania,Morogoro Region,,-8.13953,36.67393,,2019-05-22
TZ132,TAFIRI-2019.05.22-KIL07-A,,,1,PreservedSpecimen,EtOH,,Other material,genus,Animalia,Chordata,Actinopterygii,Perciformes,Cichlidae,Oreochromis,,,,,Rupert Collins; Benjamin Ngatunga,MG: uro?,Kilombero River,"Ifakara, Lumemo River",Rupert Collins; Asilatu Shechonge; Benjamin Ngatunga,"Purchased, local fishermen",Africa,TZ,Tanzania,Morogoro Region,,-8.13953,36.67393,,2019-05-22
TZ133,TAFIRI-2019.05.22-KIL07-A,,,1,PreservedSpecimen,EtOH,DSC00647,Other material,species,Animalia,Chordata,Actinopterygii,Perciformes,Cichlidae,Oreochromis,urolepis,"(Norman, 1922)",,,mtDNA,MG: uro?,Kilombero River,"Ifakara, Lumemo River",Rupert Collins; Asilatu Shechonge; Benjamin Ngatunga,"Purchased, local fishermen",Africa,TZ,Tanzania,Morogoro Region,,-8.13953,36.67393,,2019-05-22
TZ134,TAFIRI-2019.05.22-KIL07-A,,,1,PreservedSpecimen,EtOH,,Other material,genus,Animalia,Chordata,Actinopterygii,Perciformes,Cichlidae,Oreochromis,,,,,Rupert Collins; Benjamin Ngatunga,MG: uro?,Kilombero River,"Ifakara, Lumemo River",Rupert Collins; Asilatu Shechonge; Benjamin Ngatunga,"Purchased, local fishermen",Africa,TZ,Tanzania,Morogoro Region,,-8.13953,36.67393,,2019-05-22
TZ135,TAFIRI-2019.05.22-KIL07-A,,,1,PreservedSpecimen,EtOH,,Other material,genus,Animalia,Chordata,Actinopterygii,Perciformes,Cichlidae,Oreochromis,,,,,Rupert Collins; Benjamin Ngatunga,MG: uro?,Kilombero River,"Ifakara, Lumemo River",Rupert Collins; Asilatu Shechonge; Benjamin Ngatunga,"Purchased, local fishermen",Africa,TZ,Tanzania,Morogoro Region,,-8.13953,36.67393,,2019-05-22
TZ136,TAFIRI-2019.05.22-KIL07-A,,,1,PreservedSpecimen,EtOH,DSC00651,Other material,genus,Animalia,Chordata,Actinopterygii,Perciformes,Cichlidae,Oreochromis,,,,,Rupert Collins; Benjamin Ngatunga,MG: uro?,Kilombero River,"Ifakara, Lumemo River",Rupert Collins; Asilatu Shechonge; Benjamin Ngatunga,"Purchased, local fishermen",Africa,TZ,Tanzania,Morogoro Region,,-8.13953,36.67393,,2019-05-22
TZ137,TAFIRI-2019.05.22-KIL07-A,,,1,PreservedSpecimen,EtOH,DSC00652,Other material,genus,Animalia,Chordata,Actinopterygii,Perciformes,Cichlidae,Oreochromis,,,,,Rupert Collins; Benjamin Ngatunga,MG: uro?,Kilombero River,"Ifakara, Lumemo River",Rupert Collins; Asilatu Shechonge; Benjamin Ngatunga,"Purchased, local fishermen",Africa,TZ,Tanzania,Morogoro Region,,-8.13953,36.67393,,2019-05-22
TZ138,TAFIRI-2019.05.22-KIL07-A,,,1,PreservedSpecimen,EtOH,DSC00653,Other material,genus,Animalia,Chordata,Actinopterygii,Perciformes,Cichlidae,Oreochromis,,,,,Rupert Collins; Benjamin Ngatunga,MG: uro?,Kilombero River,"Ifakara, Lumemo River",Rupert Collins; Asilatu Shechonge; Benjamin Ngatunga,"Purchased, local fishermen",Africa,TZ,Tanzania,Morogoro Region,,-8.13953,36.67393,,2019-05-22
TZ139,TAFIRI-2019.05.22-KIL07-A,,,1,PreservedSpecimen,EtOH,,Other material,species,Animalia,Chordata,Actinopterygii,Perciformes,Cichlidae,Astatotilapia,gigliolii,"(Pfeffer, 1896)",,,mtDNA,probably undescribed - ask Turner,Kilombero River,"Ifakara, Lumemo River",Rupert Collins; Asilatu Shechonge; Benjamin Ngatunga,"Purchased, local fishermen",Africa,TZ,Tanzania,Morogoro Region,,-8.13953,36.67393,,2019-05-22
TZ144,TAFIRI-2019.05.24-MG11-A,,,1,PreservedSpecimen,EtOH,P5240449,Other material,species,Animalia,Chordata,Actinopterygii,Perciformes,Cichlidae,Oreochromis,urolepis,"(Norman, 1922)",,,mtDNA,,Ruvu River,"Morogoro, Mindu Dam",Rupert Collins; Asilatu Shechonge; Benjamin Ngatunga,"Purchased, local fishermen",Africa,TZ,Tanzania,Morogoro Region,,-6.86462,37.60838,,2019-05-24
TZ145,TAFIRI-2019.05.24-MG11-A,,,1,PreservedSpecimen,EtOH,P5240451,Other material,species,Animalia,Chordata,Actinopterygii,Perciformes,Cichlidae,Oreochromis,urolepis,"(Norman, 1922)",,,mtDNA,,Ruvu River,"Morogoro, Mindu Dam",Rupert Collins; Asilatu Shechonge; Benjamin Ngatunga,"Purchased, local fishermen",Africa,TZ,Tanzania,Morogoro Region,,-6.86462,37.60838,,2019-05-24
TZ146,TAFIRI-2019.05.24-MG11-A,,,1,PreservedSpecimen,EtOH,P5240453,Other material,species,Animalia,Chordata,Actinopterygii,Perciformes,Cichlidae,Oreochromis,leucostictus,"(Trewavas, 1933)",,,mtDNA,,Ruvu River,"Morogoro, Mindu Dam",Rupert Collins; Asilatu Shechonge; Benjamin Ngatunga,"Purchased, local fishermen",Africa,TZ,Tanzania,Morogoro Region,,-6.86462,37.60838,,2019-05-24
TZ147,TAFIRI-2019.05.24-MG11-A,,,1,PreservedSpecimen,EtOH,P5240466,Other material,species,Animalia,Chordata,Actinopterygii,Perciformes,Cichlidae,Oreochromis,urolepis,"(Norman, 1922)",,,mtDNA,BN: hybrid; MG: pure?,Ruvu River,"Morogoro, Mindu Dam",Rupert Collins; Asilatu Shechonge; Benjamin Ngatunga,"Purchased, local fishermen",Africa,TZ,Tanzania,Morogoro Region,,-6.86462,37.60838,,2019-05-24
TZ148,TAFIRI-2019.05.24-MG11-A,,,1,PreservedSpecimen,EtOH,P5240468,Other material,species,Animalia,Chordata,Actinopterygii,Perciformes,Cichlidae,Oreochromis,urolepis,"(Norman, 1922)",,,mtDNA,,Ruvu River,"Morogoro, Mindu Dam",Rupert Collins; Asilatu Shechonge; Benjamin Ngatunga,"Purchased, local fishermen",Africa,TZ,Tanzania,Morogoro Region,,-6.86462,37.60838,,2019-05-24
TZ149,TAFIRI-2019.05.24-MG11-A,,,1,PreservedSpecimen,EtOH,P5240470,Other material,species,Animalia,Chordata,Actinopterygii,Perciformes,Cichlidae,Oreochromis,niloticus,"(Linnaeus, 1758)",,,mtDNA,MG: uro?,Ruvu River,"Morogoro, Mindu Dam",Rupert Collins; Asilatu Shechonge; Benjamin Ngatunga,"Purchased, local fishermen",Africa,TZ,Tanzania,Morogoro Region,,-6.86462,37.60838,,2019-05-24
TZ150,TAFIRI-2019.05.24-MG11-A,,,1,PreservedSpecimen,EtOH,P5240455,Other material,species,Animalia,Chordata,Actinopterygii,Perciformes,Cichlidae,Oreochromis,niloticus,"(Linnaeus, 1758)",,,mtDNA,MG: uro?,Ruvu River,"Morogoro, Mindu Dam",Rupert Collins; Asilatu Shechonge; Benjamin Ngatunga,"Purchased, local fishermen",Africa,TZ,Tanzania,Morogoro Region,,-6.86462,37.60838,,2019-05-24
TZ151,TAFIRI-2019.05.24-MG11-A,,,1,PreservedSpecimen,EtOH,P5240459,Other material,species,Animalia,Chordata,Actinopterygii,Perciformes,Cichlidae,Oreochromis,leucostictus,"(Trewavas, 1933)",,,mtDNA,,Ruvu River,"Morogoro, Mindu Dam",Rupert Collins; Asilatu Shechonge; Benjamin Ngatunga,"Purchased, local fishermen",Africa,TZ,Tanzania,Morogoro Region,,-6.86462,37.60838,,2019-05-24
TZ152,TAFIRI-2019.05.24-MG11-A,,,1,PreservedSpecimen,EtOH,P5240461,Other material,species,Animalia,Chordata,Actinopterygii,Perciformes,Cichlidae,Oreochromis,niloticus,"(Linnaeus, 1758)",,,mtDNA,MG: uro?,Ruvu River,"Morogoro, Mindu Dam",Rupert Collins; Asilatu Shechonge; Benjamin Ngatunga,"Purchased, local fishermen",Africa,TZ,Tanzania,Morogoro Region,,-6.86462,37.60838,,2019-05-24
TZ153,TAFIRI-2019.05.24-MG11-A,,,1,PreservedSpecimen,EtOH,P5240463,Other material,species,Animalia,Chordata,Actinopterygii,Perciformes,Cichlidae,Coptodon,rendalli,"(Boulenger, 1897)",,,mtDNA,,Ruvu River,"Morogoro, Mindu Dam",Rupert Collins; Asilatu Shechonge; Benjamin Ngatunga,"Purchased, local fishermen",Africa,TZ,Tanzania,Morogoro Region,,-6.86462,37.60838,,2019-05-24
366,,,,,,,,Other material,species,Animalia,Chordata,Actinopterygii,Perciformes,Cichlidae,Oreochromis,leucostictus,,,,,,,,,,,,,,,,,,
367,,,,,,,,Other material,species,Animalia,Chordata,Actinopterygii,Perciformes,Cichlidae,Oreochromis,leucostictus,,,,,,,,,,,,,,,,,,
MG358,,,,,,,,Other material,species,Animalia,Chordata,Actinopterygii,Perciformes,Cichlidae,Oreochromis,leucostictus,,,,,,,,,,,,,,,,,,
MG359,,,,,,,,Other material,species,Animalia,Chordata,Actinopterygii,Perciformes,Cichlidae,Oreochromis,leucostictus,,,,,,,,,,,,,,,,,,
MG726,,,,,,,,Other material,species,Animalia,Chordata,Actinopterygii,Perciformes,Cichlidae,Oreochromis,leucostictus,,,,,,,,,,,,,,,,,,
MG727,,,,,,,,Other material,species,Animalia,Chordata,Actinopterygii,Perciformes,Cichlidae,Oreochromis,leucostictus,,,,,,,,,,,,,,,,,,
P2J1,,,,,,,,Other material,species,Animalia,Chordata,Actinopterygii,Perciformes,Cichlidae,Oreochromis,urolepis,,,,,,,,,,,,,,,,,,
P2J2,,,,,,,,Other material,species,Animalia,Chordata,Actinopterygii,Perciformes,Cichlidae,Oreochromis,urolepis,,,,,,,,,,,,,,,,,,
T2J5,,,,,,,,Other material,species,Animalia,Chordata,Actinopterygii,Perciformes,Cichlidae,Oreochromis,niloticus,,,,,,,,,,,,,,,,,,
T2J6,,,,,,,,Other material,species,Animalia,Chordata,Actinopterygii,Perciformes,Cichlidae,Oreochromis,niloticus,,,,,,,,,,,,,,,,,,
MG433,,,,,,,,Other material,species,Animalia,Chordata,Actinopterygii,Perciformes,Cichlidae,Oreochromis,niloticus,,,,,,,,,,,,,,,,,,
MG434,,,,,,,,Other material,species,Animalia,Chordata,Actinopterygii,Perciformes,Cichlidae,Oreochromis,niloticus,,,,,,,,,,,,,,,,,,
MG620,,,,,,,,Other material,species,Animalia,Chordata,Actinopterygii,Perciformes,Cichlidae,Oreochromis,niloticus,,,,,,,,,,,,,,,,,,
MG621,,,,,,,,Other material,species,Animalia,Chordata,Actinopterygii,Perciformes,Cichlidae,Oreochromis,niloticus,,,,,,,,,,,,,,,,,,
MG101,,,,,,,,Other material,species,Animalia,Chordata,Actinopterygii,Perciformes,Cichlidae,Coptodon,rendalli,,,,,,,,,,,,,,,,,,
MG674,,,,,,,,Other material,species,Animalia,Chordata,Actinopterygii,Perciformes,Cichlidae,Coptodon,rendalli,,,,,,,,,,,,,,,,,,
Site16A,,,,,,,,Other material,species,Animalia,Chordata,Actinopterygii,Perciformes,Cichlidae,Coptodon,rendalli,,,,,,,,,,,,,,,,,,
Site16B,,,,,,,,Other material,species,Animalia,Chordata,Actinopterygii,Perciformes,Cichlidae,Coptodon,rendalli,,,,,,,,,,,,,,,,,,
Site16C,,,,,,,,Other material,species,Animalia,Chordata,Actinopterygii,Perciformes,Cichlidae,Coptodon,rendalli,,,,,,,,,,,,,,,,,,
MG346,,,,,,,,Other material,species,Animalia,Chordata,Actinopterygii,Perciformes,Cichlidae,Astatotilapia,sp. 'Ruaha red cheek',,,,,,,,,,,,,,,,,,
MG675,,,,,,,,Other material,species,Animalia,Chordata,Actinopterygii,Perciformes,Cichlidae,Tilapia,sparrmanii,,,,,,,,,,,,,,,,,,
